USE `mit_vhis`;
SET FOREIGN_KEY_CHECKS=0;

-- ---------------------------------------------------------------------------------------------------------------------------------------
--                                                             数据区   Start
-- ---------------------------------------------------------------------------------------------------------------------------------------

-- ############################################################### 部门表 #################################################################
-- 部门表
INSERT INTO `sys_depart` (`uuid`, `name`, `sort`, `parentId`, `parentIds`, `createTime`, `updateTime`, `createUserId`, `updateUserId`) VALUES ('00000000000000000000000000000001', '总部', '1', '0', '[0],', NULL, NULL, '00000000000000000000000000000001', '00000000000000000000000000000001');

-- 角色表
INSERT INTO `sys_role` (`uuid`, `name`, `sort`, `remark`, `departId`, `createTime`, `updateTime`, `createUserId`, `updateUserId`) VALUES('00000000000000000000000000000001', '超级管理员', '1', NULL, '00000000000000000000000000000001', '2018-01-01 09:00:00', '2018-01-01 09:00:00', '00000000000000000000000000000001', '00000000000000000000000000000001');

-- 用户表
INSERT INTO `sys_user` (`uuid`, `account`, `name`, `password`, `sex`, `email`, `phone`, `status`, `salt`, `departId`, `roleIds`, `createTime`, `updateTime`) VALUES ('00000000000000000000000000000001', 'admin', 'admin', '8f88c4679b51408f3e5cd93d21c34c99', '2', 'yanfa@missiongroup.com.cn', '02132527617', '1', 'culse', '00000000000000000000000000000001', '00000000000000000000000000000001', '2018-01-01 09:00:00', '2018-01-01 09:00:00');

-- ############################################################### 菜单表 #################################################################
-- -------------------------------------------------------------------------------------------------------------------------
-- 一级菜单(id:00000000000000000000000000000001-00000000000000000000000000000050)
-- -------------------------------------------------------------------------------------------------------------------------
INSERT INTO `sys_menu` (`uuid`, `code`, `parentId`, `parentIds`, `name`, `icon`, `url`, `num`, `level`, `type`, `remark`, `status`, `createTime`, `updateTime`) VALUES ('00000000000000000000000000000001', 'SystemManage', '0', '[0],', '系统管理', 'el-icon-starring-users2', '#', '1', '1', '0', null, '1', '2018-01-01 09:00:00', '2018-01-01 09:00:00');
INSERT INTO `sys_menu` (`uuid`, `code`, `parentId`, `parentIds`, `name`, `icon`, `url`, `num`, `level`, `type`, `remark`, `status`, `createTime`, `updateTime`) VALUES ('00000000000000000000000000000002', 'ConfigManage', '0', '[0],', '配置管理', 'el-icon-starring-repair2', '#', '2', '1', '0', null, '1', '2018-01-01 09:00:00', '2018-01-01 09:00:00');
INSERT INTO `sys_menu` (`uuid`, `code`, `parentId`, `parentIds`, `name`, `icon`, `url`, `num`, `level`, `type`, `remark`, `status`, `createTime`, `updateTime`) VALUES ('00000000000000000000000000000003', 'MetroManage', '0', '[0],', '轨交数据管理', 'el-icon-starring-resources', '#', '3', '1', '0', null, '1', '2018-01-01 09:00:00', '2018-01-01 09:00:00');
INSERT INTO `sys_menu` (`uuid`, `code`, `parentId`, `parentIds`, `name`, `icon`, `url`, `num`, `level`, `type`, `remark`, `status`, `createTime`, `updateTime`) VALUES ('00000000000000000000000000000005', 'FaultManage', '0', '[0],', '故障管理', 'el-icon-starring-resources', '#', '5', '1', '0', null, '1', '2018-01-01 09:00:00', '2018-01-01 09:00:00');
INSERT INTO `sys_menu` (`uuid`, `code`, `parentId`, `parentIds`, `name`, `icon`, `url`, `num`, `level`, `type`, `remark`, `status`, `createTime`, `updateTime`) VALUES ('00000000000000000000000000000006', 'MonitorManage', '0', '[0],', '监控管理', 'el-icon-starring-monitor', '#', '6', '1', '0', null, '1', '2018-01-01 09:00:00', '2018-01-01 09:00:00');
INSERT INTO `sys_menu` (`uuid`, `code`, `parentId`, `parentIds`, `name`, `icon`, `url`, `num`, `level`, `type`, `remark`, `status`, `createTime`, `updateTime`) VALUES ('00000000000000000000000000000007', 'DataStatisticsManage', '0', '[0],', '数据分析管理', 'el-icon-starring-material', '#', '7', '1', '0', null, '1', '2018-01-01 09:00:00', '2018-01-01 09:00:00');
INSERT INTO `sys_menu` (`uuid`, `code`, `parentId`, `parentIds`, `name`, `icon`, `url`, `num`, `level`, `type`, `remark`, `status`, `createTime`, `updateTime`) VALUES ('00000000000000000000000000000008', 'LogManage', '0', '[0],', '日志管理', 'el-icon-starring-file', '#', '8', '1', '0', null, '1', '2018-01-01 09:00:00', '2018-01-01 09:00:00');

-- -------------------------------------------------------------------------------------------------------------------------
-- 二级菜单(id:00000000000000000000000000000051-00000000000000000000000000000500)
-- -------------------------------------------------------------------------------------------------------------------------
-- 系统管理(id:00000000000000000000000000000051-00000000000000000000000000000060)
INSERT INTO `sys_menu` (`uuid`, `code`, `parentId`, `parentIds`, `name`, `icon`, `url`, `num`, `level`, `type`, `remark`, `status`, `createTime`, `updateTime`) VALUES ('00000000000000000000000000000051', 'UserManage', '00000000000000000000000000000001', '[0],[00000000000000000000000000000001],', '用户管理', 'el-icon-starring-users2', '/pages/starring/userManage', '1', '2', '0', null, '1', '2018-01-01 09:00:00', '2018-01-01 09:00:00');
INSERT INTO `sys_menu` (`uuid`, `code`, `parentId`, `parentIds`, `name`, `icon`, `url`, `num`, `level`, `type`, `remark`, `status`, `createTime`, `updateTime`) VALUES ('00000000000000000000000000000052', 'RoleManage', '00000000000000000000000000000001', '[0],[00000000000000000000000000000001],', '角色管理', 'el-icon-starring-authorizationManagement2', '/pages/starring/roleManage', '2', '2', '0', null, '1', '2018-01-01 09:00:00', '2018-01-01 09:00:00');
INSERT INTO `sys_menu` (`uuid`, `code`, `parentId`, `parentIds`, `name`, `icon`, `url`, `num`, `level`, `type`, `remark`, `status`, `createTime`, `updateTime`) VALUES ('00000000000000000000000000000053', 'MenuManage', '00000000000000000000000000000001', '[0],[00000000000000000000000000000001],', '菜单管理', 'el-icon-starring-manage2', '/pages/starring/menuManage', '3', '2', '0', null, '1', '2018-01-01 09:00:00', '2018-01-01 09:00:00');
-- 配置管理(id:00000000000000000000000000000061-00000000000000000000000000000080)
INSERT INTO `sys_menu` (`uuid`, `code`, `parentId`, `parentIds`, `name`, `icon`, `url`, `num`, `level`, `type`, `remark`, `status`, `createTime`, `updateTime`) VALUES ('00000000000000000000000000000061', 'ArgumentConfig', '00000000000000000000000000000002', '[0],[00000000000000000000000000000002],', '参数配置', 'el-icon-starring-menu4', '/pages/vhis/config/argumentConfig', '1', '2', '0', null, '1', '2018-01-01 09:00:00', '2018-01-01 09:00:00');
INSERT INTO `sys_menu` (`uuid`, `code`, `parentId`, `parentIds`, `name`, `icon`, `url`, `num`, `level`, `type`, `remark`, `status`, `createTime`, `updateTime`) VALUES ('00000000000000000000000000000062', 'TrainType', '00000000000000000000000000000002', '[0],[00000000000000000000000000000002],', '列车类型配置', 'el-icon-starring-menu4', '/pages/vhis/config/trainTypeManage', '2', '2', '0', null, '1', '2018-01-01 09:00:00', '2018-01-01 09:00:00');
INSERT INTO `sys_menu` (`uuid`, `code`, `parentId`, `parentIds`, `name`, `icon`, `url`, `num`, `level`, `type`, `remark`, `status`, `createTime`, `updateTime`) VALUES ('00000000000000000000000000000063', 'EarlyWarningConfig', '00000000000000000000000000000002', '[0],[00000000000000000000000000000002]', '预警配置管理', 'el-icon-starring-radioboxmarked', '/pages/vhis/config/earlyWarningConfig', '3', '2', '0', null, '1', '2018-01-01 09:00:00', '2018-01-01 09:00:00');
INSERT INTO `sys_menu` (`uuid`, `code`, `parentId`, `parentIds`, `name`, `icon`, `url`, `num`, `level`, `type`, `remark`, `status`, `createTime`, `updateTime`) VALUES ('00000000000000000000000000000080', 'CodeGenerate', '00000000000000000000000000000002', '[0],[00000000000000000000000000000002],', 'Code Generate', 'el-icon-starring-menu4', '/pages/vhis/generate/generateManage', '20', '2', '0', null, '1', '2018-01-01 09:00:00', '2018-01-01 09:00:00');
-- 轨交数据(id:00000000000000000000000000000081-00000000000000000000000000000090)
INSERT INTO `sys_menu` (`uuid`, `code`, `parentId`, `parentIds`, `name`, `icon`, `url`, `num`, `level`, `type`, `remark`, `status`, `createTime`, `updateTime`) VALUES ('00000000000000000000000000000081', 'StationManage', '00000000000000000000000000000003', '[0],[00000000000000000000000000000003],', '车站管理', 'el-icon-starring-outgoingManage', '/pages/vhis/metro/stationManage', '1', '2', '0', null, '1', '2018-01-01 09:00:00', '2018-01-01 09:00:00');
INSERT INTO `sys_menu` (`uuid`, `code`, `parentId`, `parentIds`, `name`, `icon`, `url`, `num`, `level`, `type`, `remark`, `status`, `createTime`, `updateTime`) VALUES ('00000000000000000000000000000082', 'TrainManage', '00000000000000000000000000000003', '[0],[00000000000000000000000000000003],', '列车管理', 'el-icon-starring-search', '/pages/vhis/metro/trainManage', '2', '2', '0', null, '1', '2018-01-01 09:00:00', '2018-01-01 09:00:00');
INSERT INTO `sys_menu` (`uuid`, `code`, `parentId`, `parentIds`, `name`, `icon`, `url`, `num`, `level`, `type`, `remark`, `status`, `createTime`, `updateTime`) VALUES ('00000000000000000000000000000083', 'GarageManage', '00000000000000000000000000000003', '[0],[00000000000000000000000000000003],', '车库管理', 'el-icon-starring-search', '/pages/vhis/metro/garageManage', '3', '2', '0', null, '1', '2018-01-01 09:00:00', '2018-01-01 09:00:00');
INSERT INTO `sys_menu` (`uuid`, `code`, `parentId`, `parentIds`, `name`, `icon`, `url`, `num`, `level`, `type`, `remark`, `status`, `createTime`, `updateTime`) VALUES ('00000000000000000000000000000084', 'LineManage', '00000000000000000000000000000003', '[0],[00000000000000000000000000000003],', '线路管理', 'el-icon-starring-route', '/pages/vhis/metro/lineManage', '4', '2', '0', null, '1', '2018-01-01 09:00:00', '2018-01-01 09:00:00');
INSERT INTO `sys_menu` (`uuid`, `code`, `parentId`, `parentIds`, `name`, `icon`, `url`, `num`, `level`, `type`, `remark`, `status`, `createTime`, `updateTime`) VALUES ('00000000000000000000000000000085', 'ScheduleManage', '00000000000000000000000000000003', '[0],[00000000000000000000000000000003],', '运营服务时间管理', 'el-icon-starring-stopwatch', '/pages/vhis/metro/serviceTimeManage', '5', '2', '0', null, '1', '2018-01-01 09:00:00', '2018-01-01 09:00:00');
-- 设备管理(id:00000000000000000000000000000091-00000000000000000000000000000100)

-- 故障管理(id:00000000000000000000000000000101-00000000000000000000000000000110)
INSERT INTO `sys_menu` (`uuid`, `code`, `parentId`, `parentIds`, `name`, `icon`, `url`, `num`, `level`, `type`, `remark`, `status`, `createTime`, `updateTime`) VALUES ('00000000000000000000000000000101', 'FaultCodeManage', '00000000000000000000000000000005', '[0],[00000000000000000000000000000005],', '故障编码管理', 'el-icon-starring-knowledgeBaseManagement2', '/pages/vhis/fault/faultCodeManage', '1', '2', '0', null, '1', '2018-01-01 09:00:00', '2018-01-01 09:00:00');
INSERT INTO `sys_menu` (`uuid`, `code`, `parentId`, `parentIds`, `name`, `icon`, `url`, `num`, `level`, `type`, `remark`, `status`, `createTime`, `updateTime`) VALUES ('00000000000000000000000000000102', 'FaultInfoQuery', '00000000000000000000000000000005', '[0],[00000000000000000000000000000005],', '故障信息查询', 'el-icon-starring-releaseManage', '/pages/vhis/fault/faultInfoQuery', '2', '2', '0', null, '1', '2018-01-01 09:00:00', '2018-01-01 09:00:00');
INSERT INTO `sys_menu` (`uuid`, `code`, `parentId`, `parentIds`, `name`, `icon`, `url`, `num`, `level`, `type`, `remark`, `status`, `createTime`, `updateTime`) VALUES ('00000000000000000000000000000103', 'FaultStatistics', '00000000000000000000000000000005', '[0],[00000000000000000000000000000005],', '故障统计', 'el-icon-starring-releaseManage', '/pages/vhis/fault/faultStatistics', '3', '2', '0', null, '1', '2018-01-01 09:00:00', '2018-01-01 09:00:00');
-- 监控管理(id:00000000000000000000000000000111-00000000000000000000000000000120)
INSERT INTO `sys_menu` (`uuid`, `code`, `parentId`, `parentIds`, `name`, `icon`, `url`, `num`, `level`, `type`, `remark`, `status`, `createTime`, `updateTime`) VALUES ('00000000000000000000000000000111', 'VehicleStatusManage', '00000000000000000000000000000006', '[0],[00000000000000000000000000000006],', '车辆监控', 'el-icon-starring-organizationManagement', '/pages/vhis/monitor/vehicleStatusManage', '1', '2', '0', null, '1', '2018-01-01 09:00:00', '2018-01-01 09:00:00');
INSERT INTO `sys_menu` (`uuid`, `code`, `parentId`, `parentIds`, `name`, `icon`, `url`, `num`, `level`, `type`, `remark`, `status`, `createTime`, `updateTime`) VALUES ('00000000000000000000000000000112', 'CurrentErrorManage', '00000000000000000000000000000006', '[0],[00000000000000000000000000000006],', '当前故障', 'el-icon-starring-problem', '/pages/vhis/monitor/currentErrorManage', '3', '2', '0', null, '1', '2018-01-01 09:00:00', '2018-01-01 09:00:00');
INSERT INTO `sys_menu` (`uuid`, `code`, `parentId`, `parentIds`, `name`, `icon`, `url`, `num`, `level`, `type`, `remark`, `status`, `createTime`, `updateTime`) VALUES ('00000000000000000000000000000113', 'VideoMonitor', '00000000000000000000000000000006', '[0],[00000000000000000000000000000006],', '视频监控', 'el-icon-starring-camera', '/pages/vhis/monitor/videoMonitor', '4', '2', '0', null, '1', '2018-01-01 09:00:00', '2018-01-01 09:00:00');
INSERT INTO `sys_menu` (`uuid`, `code`, `parentId`, `parentIds`, `name`, `icon`, `url`, `num`, `level`, `type`, `remark`, `status`, `createTime`, `updateTime`) VALUES ('00000000000000000000000000000114', 'TrainEarlyWarning', '00000000000000000000000000000006', '[0],[00000000000000000000000000000006],', '列车预警', 'el-icon-starring-dataManage', '/pages/vhis/monitor/trainEarlyWarning', '4', '2', '0', null, '1', '2018-01-01 09:00:00', '2018-01-01 09:00:00');
INSERT INTO `sys_menu` (`uuid`, `code`, `parentId`, `parentIds`, `name`, `icon`, `url`, `num`, `level`, `type`, `remark`, `status`, `createTime`, `updateTime`) VALUES ('00000000000000000000000000000115', 'VersionManage', '00000000000000000000000000000006', '[0],[00000000000000000000000000000006],', '软件版本', 'el-icon-starring-menu4', '/pages/vhis/monitor/versionManage', '5', '2', '0', null, '1', '2018-01-01 09:00:00', '2018-01-01 09:00:00');
-- 数据分析管理(id:00000000000000000000000000000121-00000000000000000000000000000130)
INSERT INTO `sys_menu` (`uuid`, `code`, `parentId`, `parentIds`, `name`, `icon`, `url`, `num`, `level`, `type`, `remark`, `status`, `createTime`, `updateTime`) VALUES ('00000000000000000000000000000121', 'DataTrendAnalysis', '00000000000000000000000000000007', '[0],[00000000000000000000000000000007],', '趋势分析', 'el-icon-starring-dataManage', '/pages/vhis/analysis/dataTrendAnalysis', '1', '2', '0', null, '1', '2018-01-01 09:00:00', '2018-01-01 09:00:00');
INSERT INTO `sys_menu` (`uuid`, `code`, `parentId`, `parentIds`, `name`, `icon`, `url`, `num`, `level`, `type`, `remark`, `status`, `createTime`, `updateTime`) VALUES ('00000000000000000000000000000122', 'VariableAnalysis', '00000000000000000000000000000007', '[0],[00000000000000000000000000000007],', '变量分析', 'el-icon-starring-dataManage', '/pages/vhis/analysis/variableAnalysis', '2', '2', '0', null, '1', '2018-01-01 09:00:00', '2018-01-01 09:00:00');
INSERT INTO `sys_menu` (`uuid`, `code`, `parentId`, `parentIds`, `name`, `icon`, `url`, `num`, `level`, `type`, `remark`, `status`, `createTime`, `updateTime`) VALUES ('00000000000000000000000000000123', 'ParameterAnalysis', '00000000000000000000000000000007', '[0],[00000000000000000000000000000007],', '参数分析', 'el-icon-starring-dataManage', '/pages/vhis/analysis/parameterAnalysis', '3', '2', '0', null, '1', '2018-01-01 09:00:00', '2018-01-01 09:00:00');

-- 日志管理(id:00000000000000000000000000000131-00000000000000000000000000000140)
INSERT INTO `sys_menu` (`uuid`, `code`, `parentId`, `parentIds`, `name`, `icon`, `url`, `num`, `level`, `type`, `remark`, `status`, `createTime`, `updateTime`) VALUES ('00000000000000000000000000000131', 'BusinessLog', '00000000000000000000000000000008', '[0],[00000000000000000000000000000008],', '系统业务日志', 'el-icon-starring-businessReport', '/pages/starring/operationLog', '1', '2', '0', null, '1', '2018-01-01 09:00:00', '2018-01-01 09:00:00');
INSERT INTO `sys_menu` (`uuid`, `code`, `parentId`, `parentIds`, `name`, `icon`, `url`, `num`, `level`, `type`, `remark`, `status`, `createTime`, `updateTime`) VALUES ('00000000000000000000000000000132', 'LoginLogManage', '00000000000000000000000000000008', '[0],[00000000000000000000000000000008],', '登录日志管理', 'el-icon-starring-businessReport', '/pages/starring/loginLogManage', '2', '2', '0', null, '1', '2018-01-01 09:00:00', '2018-01-01 09:00:00');
-- -------------------------------------------------------------------------------------------------------------------------
-- 三级按钮(id:00000000000000000000000000000501-00000000000000000000000000005000)
-- -------------------------------------------------------------------------------------------------------------------------
-- 系统管理  (id:00000000000000000000000000000501-00000000000000000000000000000600)
INSERT INTO `sys_menu` (`uuid`, `code`, `parentId`, `parentIds`, `name`, `icon`, `url`, `num`, `level`, `type`, `remark`, `status`, `createTime`, `updateTime`) VALUES ('00000000000000000000000000000501', 'depart_add', '00000000000000000000000000000051', '[0],[00000000000000000000000000000001],[00000000000000000000000000000051],', '新增部门', NULL, '#', '1', '3', '1', NULL, '1', '2018-01-01 09:00:00', '2018-01-01 09:00:00');
INSERT INTO `sys_menu` (`uuid`, `code`, `parentId`, `parentIds`, `name`, `icon`, `url`, `num`, `level`, `type`, `remark`, `status`, `createTime`, `updateTime`) VALUES ('00000000000000000000000000000502', 'depart_edit', '00000000000000000000000000000051', '[0],[00000000000000000000000000000001],[00000000000000000000000000000051],', '编辑部门', NULL, '#', '2', '3', '1', NULL, '1', '2018-01-01 09:00:00', '2018-01-01 09:00:00');
INSERT INTO `sys_menu` (`uuid`, `code`, `parentId`, `parentIds`, `name`, `icon`, `url`, `num`, `level`, `type`, `remark`, `status`, `createTime`, `updateTime`) VALUES ('00000000000000000000000000000503', 'depart_delete', '00000000000000000000000000000051', '[0],[00000000000000000000000000000001],[00000000000000000000000000000051],', '删除部门', NULL, '#', '3', '3', '1', NULL, '1', '2018-01-01 09:00:00', '2018-01-01 09:00:00');
INSERT INTO `sys_menu` (`uuid`, `code`, `parentId`, `parentIds`, `name`, `icon`, `url`, `num`, `level`, `type`, `remark`, `status`, `createTime`, `updateTime`) VALUES ('00000000000000000000000000000504', 'user_add', '00000000000000000000000000000051', '[0],[00000000000000000000000000000001],[00000000000000000000000000000051],', '新增用户', NULL, '#', '1', '3', '1', NULL, '1', '2018-01-01 09:00:00', '2018-01-01 09:00:00');
INSERT INTO `sys_menu` (`uuid`, `code`, `parentId`, `parentIds`, `name`, `icon`, `url`, `num`, `level`, `type`, `remark`, `status`, `createTime`, `updateTime`) VALUES ('00000000000000000000000000000505', 'user_edit', '00000000000000000000000000000051', '[0],[00000000000000000000000000000001],[00000000000000000000000000000051],', '编辑用户', NULL, '#', '2', '3', '1', NULL, '1', '2018-01-01 09:00:00', '2018-01-01 09:00:00');
INSERT INTO `sys_menu` (`uuid`, `code`, `parentId`, `parentIds`, `name`, `icon`, `url`, `num`, `level`, `type`, `remark`, `status`, `createTime`, `updateTime`) VALUES ('00000000000000000000000000000506', 'user_delete', '00000000000000000000000000000051', '[0],[00000000000000000000000000000001],[00000000000000000000000000000051],', '删除用户', NULL, '#', '3', '3', '1', NULL, '1', '2018-01-01 09:00:00', '2018-01-01 09:00:00');
INSERT INTO `sys_menu` (`uuid`, `code`, `parentId`, `parentIds`, `name`, `icon`, `url`, `num`, `level`, `type`, `remark`, `status`, `createTime`, `updateTime`) VALUES ('00000000000000000000000000000507', 'user_password_reset', '00000000000000000000000000000051', '[0],[00000000000000000000000000000001],[00000000000000000000000000000051],', '重置密码', NULL, '#', '4', '3', '1', NULL, '1', '2018-01-01 09:00:00', '2018-01-01 09:00:00');
INSERT INTO `sys_menu` (`uuid`, `code`, `parentId`, `parentIds`, `name`, `icon`, `url`, `num`, `level`, `type`, `remark`, `status`, `createTime`, `updateTime`) VALUES ('00000000000000000000000000000508', 'user_role_set', '00000000000000000000000000000051', '[0],[00000000000000000000000000000001],[00000000000000000000000000000051],', '分配角色', NULL, '#', '5', '3', '1', NULL, '1', '2018-01-01 09:00:00', '2018-01-01 09:00:00');
INSERT INTO `sys_menu` (`uuid`, `code`, `parentId`, `parentIds`, `name`, `icon`, `url`, `num`, `level`, `type`, `remark`, `status`, `createTime`, `updateTime`) VALUES ('00000000000000000000000000000509', 'user_unfreeze', '00000000000000000000000000000051', '[0],[00000000000000000000000000000001],[00000000000000000000000000000051],', '启用用户', NULL, '#', '6', '3', '1', NULL, '1', '2018-01-01 09:00:00', '2018-01-01 09:00:00');
INSERT INTO `sys_menu` (`uuid`, `code`, `parentId`, `parentIds`, `name`, `icon`, `url`, `num`, `level`, `type`, `remark`, `status`, `createTime`, `updateTime`) VALUES ('00000000000000000000000000000510', 'user_freeze', '00000000000000000000000000000051', '[0],[00000000000000000000000000000001],[00000000000000000000000000000051],', '禁用用户', NULL, '#', '7', '3', '1', NULL, '1', '2018-01-01 09:00:00', '2018-01-01 09:00:00');
INSERT INTO `sys_menu` (`uuid`, `code`, `parentId`, `parentIds`, `name`, `icon`, `url`, `num`, `level`, `type`, `remark`, `status`, `createTime`, `updateTime`) VALUES ('00000000000000000000000000000511', 'role_add', '00000000000000000000000000000052', '[0],[00000000000000000000000000000001],[00000000000000000000000000000052],', '新增角色', NULL, '#', '1', '3', '1', NULL, '1', '2018-01-01 09:00:00', '2018-01-01 09:00:00');
INSERT INTO `sys_menu` (`uuid`, `code`, `parentId`, `parentIds`, `name`, `icon`, `url`, `num`, `level`, `type`, `remark`, `status`, `createTime`, `updateTime`) VALUES ('00000000000000000000000000000512', 'role_edit', '00000000000000000000000000000052', '[0],[00000000000000000000000000000001],[00000000000000000000000000000052],', '编辑角色', NULL, '#', '2', '3', '1', NULL, '1', '2018-01-01 09:00:00', '2018-01-01 09:00:00');
INSERT INTO `sys_menu` (`uuid`, `code`, `parentId`, `parentIds`, `name`, `icon`, `url`, `num`, `level`, `type`, `remark`, `status`, `createTime`, `updateTime`) VALUES ('00000000000000000000000000000513', 'role_delete', '00000000000000000000000000000052', '[0],[00000000000000000000000000000001],[00000000000000000000000000000052],', '删除角色', NULL, '#', '3', '3', '1', NULL, '1', '2018-01-01 09:00:00', '2018-01-01 09:00:00');
INSERT INTO `sys_menu` (`uuid`, `code`, `parentId`, `parentIds`, `name`, `icon`, `url`, `num`, `level`, `type`, `remark`, `status`, `createTime`, `updateTime`) VALUES ('00000000000000000000000000000514', 'role_permission', '00000000000000000000000000000052', '[0],[00000000000000000000000000000001],[00000000000000000000000000000052],', '权限配置', NULL, '#', '4', '3', '1', NULL, '1', '2018-01-01 09:00:00', '2018-01-01 09:00:00');
INSERT INTO `sys_menu` (`uuid`, `code`, `parentId`, `parentIds`, `name`, `icon`, `url`, `num`, `level`, `type`, `remark`, `status`, `createTime`, `updateTime`) VALUES ('00000000000000000000000000000515', 'menu_add', '00000000000000000000000000000053', '[0],[00000000000000000000000000000001],[00000000000000000000000000000053],', '新增菜单', NULL, '#', '1', '3', '1', NULL, '1', '2018-01-01 09:00:00', '2018-01-01 09:00:00');
INSERT INTO `sys_menu` (`uuid`, `code`, `parentId`, `parentIds`, `name`, `icon`, `url`, `num`, `level`, `type`, `remark`, `status`, `createTime`, `updateTime`) VALUES ('00000000000000000000000000000516', 'menu_edit', '00000000000000000000000000000053', '[0],[00000000000000000000000000000001],[00000000000000000000000000000053],', '编辑菜单', NULL, '#', '2', '3', '1', NULL, '1', '2018-01-01 09:00:00', '2018-01-01 09:00:00');
INSERT INTO `sys_menu` (`uuid`, `code`, `parentId`, `parentIds`, `name`, `icon`, `url`, `num`, `level`, `type`, `remark`, `status`, `createTime`, `updateTime`) VALUES ('00000000000000000000000000000517', 'menu_delete', '00000000000000000000000000000053', '[0],[00000000000000000000000000000001],[00000000000000000000000000000053],', '删除菜单', NULL, '#', '3', '3', '1', NULL, '1', '2018-01-01 09:00:00', '2018-01-01 09:00:00');
INSERT INTO `sys_menu` (`uuid`, `code`, `parentId`, `parentIds`, `name`, `icon`, `url`, `num`, `level`, `type`, `remark`, `status`, `createTime`, `updateTime`) VALUES ('00000000000000000000000000000518', 'menu_state_on', '00000000000000000000000000000053', '[0],[00000000000000000000000000000001],[00000000000000000000000000000053],', '启用菜单', NULL, '#', '4', '3', '1', NULL, '1', '2018-01-01 09:00:00', '2018-01-01 09:00:00');
INSERT INTO `sys_menu` (`uuid`, `code`, `parentId`, `parentIds`, `name`, `icon`, `url`, `num`, `level`, `type`, `remark`, `status`, `createTime`, `updateTime`) VALUES ('00000000000000000000000000000519', 'menu_state_off', '00000000000000000000000000000053', '[0],[00000000000000000000000000000001],[00000000000000000000000000000053],', '禁用菜单', NULL, '#', '5', '3', '1', NULL, '1', '2018-01-01 09:00:00', '2018-01-01 09:00:00');
-- 配置管理(id:00000000000000000000000000000601-00000000000000000000000000000700)
INSERT INTO `sys_menu` (`uuid`, `code`, `parentId`, `parentIds`, `name`, `icon`, `url`, `num`, `level`, `type`, `remark`, `status`, `createTime`, `updateTime`) VALUES ('00000000000000000000000000000601', 'argument_add', '00000000000000000000000000000061', '[0],[00000000000000000000000000000002],[00000000000000000000000000000061],', '新增参数', NULL, '#', '1', '3', '1', NULL, '1', '2018-01-01 09:00:00', '2018-01-01 09:00:00');
INSERT INTO `sys_menu` (`uuid`, `code`, `parentId`, `parentIds`, `name`, `icon`, `url`, `num`, `level`, `type`, `remark`, `status`, `createTime`, `updateTime`) VALUES ('00000000000000000000000000000602', 'argument_edit', '00000000000000000000000000000061', '[0],[00000000000000000000000000000002],[00000000000000000000000000000061],', '编辑参数', NULL, '#', '2', '3', '1', NULL, '1', '2018-01-01 09:00:00', '2018-01-01 09:00:00');
INSERT INTO `sys_menu` (`uuid`, `code`, `parentId`, `parentIds`, `name`, `icon`, `url`, `num`, `level`, `type`, `remark`, `status`, `createTime`, `updateTime`) VALUES ('00000000000000000000000000000603', 'argument_delete', '00000000000000000000000000000061', '[0],[00000000000000000000000000000002],[00000000000000000000000000000061],', '删除参数', NULL, '#', '3', '3', '1', NULL, '1', '2018-01-01 09:00:00', '2018-01-01 09:00:00');
INSERT INTO `sys_menu` (`uuid`, `code`, `parentId`, `parentIds`, `name`, `icon`, `url`, `num`, `level`, `type`, `remark`, `status`, `createTime`, `updateTime`) VALUES ('00000000000000000000000000000604', 'traintype_add', '00000000000000000000000000000062', '[0],[00000000000000000000000000000002],[00000000000000000000000000000062],', '新增参数', NULL, '#', '1', '3', '1', NULL, '1', '2018-01-01 09:00:00', '2018-01-01 09:00:00');
INSERT INTO `sys_menu` (`uuid`, `code`, `parentId`, `parentIds`, `name`, `icon`, `url`, `num`, `level`, `type`, `remark`, `status`, `createTime`, `updateTime`) VALUES ('00000000000000000000000000000605', 'traintype_edit', '00000000000000000000000000000062', '[0],[00000000000000000000000000000002],[00000000000000000000000000000062],', '编辑参数', NULL, '#', '2', '3', '1', NULL, '1', '2018-01-01 09:00:00', '2018-01-01 09:00:00');
INSERT INTO `sys_menu` (`uuid`, `code`, `parentId`, `parentIds`, `name`, `icon`, `url`, `num`, `level`, `type`, `remark`, `status`, `createTime`, `updateTime`) VALUES ('00000000000000000000000000000606', 'traintype_delete', '00000000000000000000000000000062', '[0],[00000000000000000000000000000002],[00000000000000000000000000000062],', '删除参数', NULL, '#', '3', '3', '1', NULL, '1', '2018-01-01 09:00:00', '2018-01-01 09:00:00');
INSERT INTO `sys_menu` (`uuid`, `code`, `parentId`, `parentIds`, `name`, `icon`, `url`, `num`, `level`, `type`, `remark`, `status`, `createTime`, `updateTime`) VALUES ('00000000000000000000000000000607', 'earlywarningconfig_add', '00000000000000000000000000000063', '[0],[00000000000000000000000000000002],[00000000000000000000000000000063],', '新增预警参数', NULL, '#', '1', '3', '1', NULL, '1', '2018-01-01 09:00:00', '2018-01-01 09:00:00');
INSERT INTO `sys_menu` (`uuid`, `code`, `parentId`, `parentIds`, `name`, `icon`, `url`, `num`, `level`, `type`, `remark`, `status`, `createTime`, `updateTime`) VALUES ('00000000000000000000000000000608', 'earlywarningconfig_edit', '00000000000000000000000000000063', '[0],[00000000000000000000000000000002],[00000000000000000000000000000063],', '编辑预警参数', NULL, '#', '1', '3', '1', NULL, '1', '2018-01-01 09:00:00', '2018-01-01 09:00:00');
INSERT INTO `sys_menu` (`uuid`, `code`, `parentId`, `parentIds`, `name`, `icon`, `url`, `num`, `level`, `type`, `remark`, `status`, `createTime`, `updateTime`) VALUES ('00000000000000000000000000000609', 'earlywarningconfig_delete', '00000000000000000000000000000063', '[0],[00000000000000000000000000000002],[00000000000000000000000000000063],', '删除预警参数', NULL, '#', '1', '3', '1', NULL, '1', '2018-01-01 09:00:00', '2018-01-01 09:00:00');
-- 轨交数据(id:00000000000000000000000000000701-00000000000000000000000000000800)
INSERT INTO `sys_menu` (`uuid`, `code`, `parentId`, `parentIds`, `name`, `icon`, `url`, `num`, `level`, `type`, `remark`, `status`, `createTime`, `updateTime`) VALUES ('00000000000000000000000000000701', 'station_add', '00000000000000000000000000000081', '[0],[00000000000000000000000000000003],[00000000000000000000000000000081],', '新增车站', NULL, '#', '1', '3', '1', NULL, '1', '2018-01-01 09:00:00', '2018-01-01 09:00:00');
INSERT INTO `sys_menu` (`uuid`, `code`, `parentId`, `parentIds`, `name`, `icon`, `url`, `num`, `level`, `type`, `remark`, `status`, `createTime`, `updateTime`) VALUES ('00000000000000000000000000000702', 'station_edit', '00000000000000000000000000000081', '[0],[00000000000000000000000000000003],[00000000000000000000000000000081],', '编辑车站', NULL, '#', '2', '3', '1', NULL, '1', '2018-01-01 09:00:00', '2018-01-01 09:00:00');
INSERT INTO `sys_menu` (`uuid`, `code`, `parentId`, `parentIds`, `name`, `icon`, `url`, `num`, `level`, `type`, `remark`, `status`, `createTime`, `updateTime`) VALUES ('00000000000000000000000000000703', 'station_delete', '00000000000000000000000000000081', '[0],[00000000000000000000000000000003],[00000000000000000000000000000081],', '编辑车站', NULL, '#', '3', '3', '1', NULL, '1', '2018-01-01 09:00:00', '2018-01-01 09:00:00');
INSERT INTO `sys_menu` (`uuid`, `code`, `parentId`, `parentIds`, `name`, `icon`, `url`, `num`, `level`, `type`, `remark`, `status`, `createTime`, `updateTime`) VALUES ('00000000000000000000000000000704', 'train_add', '00000000000000000000000000000082', '[0],[00000000000000000000000000000003],[00000000000000000000000000000082],', '新增列车', NULL, '#', '1', '3', '1', NULL, '1', '2018-01-01 09:00:00', '2018-01-01 09:00:00');
INSERT INTO `sys_menu` (`uuid`, `code`, `parentId`, `parentIds`, `name`, `icon`, `url`, `num`, `level`, `type`, `remark`, `status`, `createTime`, `updateTime`) VALUES ('00000000000000000000000000000705', 'train_edit', '00000000000000000000000000000082', '[0],[00000000000000000000000000000003],[00000000000000000000000000000082],', '编辑列车', NULL, '#', '2', '3', '1', NULL, '1', '2018-01-01 09:00:00', '2018-01-01 09:00:00');
INSERT INTO `sys_menu` (`uuid`, `code`, `parentId`, `parentIds`, `name`, `icon`, `url`, `num`, `level`, `type`, `remark`, `status`, `createTime`, `updateTime`) VALUES ('00000000000000000000000000000706', 'train_delete', '00000000000000000000000000000082', '[0],[00000000000000000000000000000003],[00000000000000000000000000000082],', '编辑列车', NULL, '#', '3', '3', '1', NULL, '1', '2018-01-01 09:00:00', '2018-01-01 09:00:00');
INSERT INTO `sys_menu` (`uuid`, `code`, `parentId`, `parentIds`, `name`, `icon`, `url`, `num`, `level`, `type`, `remark`, `status`, `createTime`, `updateTime`) VALUES ('00000000000000000000000000000707', 'garage_add', '00000000000000000000000000000083', '[0],[00000000000000000000000000000003],[00000000000000000000000000000083],', '新增车库', NULL, '#', '1', '3', '1', NULL, '1', '2018-01-01 09:00:00', '2018-01-01 09:00:00');
INSERT INTO `sys_menu` (`uuid`, `code`, `parentId`, `parentIds`, `name`, `icon`, `url`, `num`, `level`, `type`, `remark`, `status`, `createTime`, `updateTime`) VALUES ('00000000000000000000000000000708', 'garage_edit', '00000000000000000000000000000083', '[0],[00000000000000000000000000000003],[00000000000000000000000000000083],', '编辑车库', NULL, '#', '2', '3', '1', NULL, '1', '2018-01-01 09:00:00', '2018-01-01 09:00:00');
INSERT INTO `sys_menu` (`uuid`, `code`, `parentId`, `parentIds`, `name`, `icon`, `url`, `num`, `level`, `type`, `remark`, `status`, `createTime`, `updateTime`) VALUES ('00000000000000000000000000000709', 'garage_delete', '00000000000000000000000000000083', '[0],[00000000000000000000000000000003],[00000000000000000000000000000083],', '删除车库', NULL, '#', '3', '3', '1', NULL, '1', '2018-01-01 09:00:00', '2018-01-01 09:00:00');
INSERT INTO `sys_menu` (`uuid`, `code`, `parentId`, `parentIds`, `name`, `icon`, `url`, `num`, `level`, `type`, `remark`, `status`, `createTime`, `updateTime`) VALUES ('00000000000000000000000000000710', 'garage_config', '00000000000000000000000000000083', '[0],[00000000000000000000000000000003],[00000000000000000000000000000083],', '配置列车', NULL, '#', '4', '3', '1', NULL, '1', '2018-01-01 09:00:00', '2018-01-01 09:00:00');
INSERT INTO `sys_menu` (`uuid`, `code`, `parentId`, `parentIds`, `name`, `icon`, `url`, `num`, `level`, `type`, `remark`, `status`, `createTime`, `updateTime`) VALUES ('00000000000000000000000000000711', 'line_add', '00000000000000000000000000000084', '[0],[00000000000000000000000000000003],[00000000000000000000000000000084],', '新增线路', NULL, '#', '1', '3', '1', NULL, '1', '2018-01-01 09:00:00', '2018-01-01 09:00:00');
INSERT INTO `sys_menu` (`uuid`, `code`, `parentId`, `parentIds`, `name`, `icon`, `url`, `num`, `level`, `type`, `remark`, `status`, `createTime`, `updateTime`) VALUES ('00000000000000000000000000000712', 'line_edit', '00000000000000000000000000000084', '[0],[00000000000000000000000000000003],[00000000000000000000000000000084],', '编辑线路', NULL, '#', '2', '3', '1', NULL, '1', '2018-01-01 09:00:00', '2018-01-01 09:00:00');
INSERT INTO `sys_menu` (`uuid`, `code`, `parentId`, `parentIds`, `name`, `icon`, `url`, `num`, `level`, `type`, `remark`, `status`, `createTime`, `updateTime`) VALUES ('00000000000000000000000000000713', 'line_delete', '00000000000000000000000000000084', '[0],[00000000000000000000000000000003],[00000000000000000000000000000084],', '删除线路', NULL, '#', '3', '3', '1', NULL, '1', '2018-01-01 09:00:00', '2018-01-01 09:00:00');
INSERT INTO `sys_menu` (`uuid`, `code`, `parentId`, `parentIds`, `name`, `icon`, `url`, `num`, `level`, `type`, `remark`, `status`, `createTime`, `updateTime`) VALUES ('00000000000000000000000000000714', 'line_station_config', '00000000000000000000000000000084', '[0],[00000000000000000000000000000003],[00000000000000000000000000000084],', '配置线路', NULL, '#', '4', '3', '1', NULL, '1', '2018-01-01 09:00:00', '2018-01-01 09:00:00');
INSERT INTO `sys_menu` (`uuid`, `code`, `parentId`, `parentIds`, `name`, `icon`, `url`, `num`, `level`, `type`, `remark`, `status`, `createTime`, `updateTime`) VALUES ('00000000000000000000000000000715', 'line_garage_config', '00000000000000000000000000000084', '[0],[00000000000000000000000000000003],[00000000000000000000000000000084],', '配置车库', NULL, '#', '5', '3', '1', NULL, '1', '2018-01-01 09:00:00', '2018-01-01 09:00:00');
INSERT INTO `sys_menu` (`uuid`, `code`, `parentId`, `parentIds`, `name`, `icon`, `url`, `num`, `level`, `type`, `remark`, `status`, `createTime`, `updateTime`) VALUES ('00000000000000000000000000000716', 'time_edit', '00000000000000000000000000000085', '[0],[00000000000000000000000000000003],[00000000000000000000000000000085],', '运营服务时间设置', NULL, '#', '1', '3', '1', NULL, '1', '2018-01-01 09:00:00', '2018-01-01 09:00:00');
-- 设备管理(id:00000000000000000000000000000801-00000000000000000000000000000900)

-- 故障管理(id:00000000000000000000000000000901-000000000000000000000000000001000)
INSERT INTO `sys_menu` (`uuid`, `code`, `parentId`, `parentIds`, `name`, `icon`, `url`, `num`, `level`, `type`, `remark`, `status`, `createTime`, `updateTime`) VALUES ('00000000000000000000000000000901', 'faultcode_add', '00000000000000000000000000000101', '[0],[00000000000000000000000000000001],[00000000000000000000000000000101],', '新增故障编码', NULL, '#', '1', '3', '1', NULL, '1', '2018-01-01 09:00:00', '2018-01-01 09:00:00');
INSERT INTO `sys_menu` (`uuid`, `code`, `parentId`, `parentIds`, `name`, `icon`, `url`, `num`, `level`, `type`, `remark`, `status`, `createTime`, `updateTime`) VALUES ('00000000000000000000000000000902', 'faultcode_edit', '00000000000000000000000000000101', '[0],[00000000000000000000000000000001],[00000000000000000000000000000101],', '编辑故障编码', NULL, '#', '2', '3', '1', NULL, '1', '2018-01-01 09:00:00', '2018-01-01 09:00:00');
INSERT INTO `sys_menu` (`uuid`, `code`, `parentId`, `parentIds`, `name`, `icon`, `url`, `num`, `level`, `type`, `remark`, `status`, `createTime`, `updateTime`) VALUES ('00000000000000000000000000000903', 'faultcode_delete', '00000000000000000000000000000101', '[0],[00000000000000000000000000000001],[00000000000000000000000000000101],', '删除故障编码', NULL, '#', '3', '3', '1', NULL, '1', '2018-01-01 09:00:00', '2018-01-01 09:00:00');
-- 监控管理(id:00000000000000000000000000001001-00000000000000000000000000001100)

-- 数据分析管理(id:00000000000000000000000000001101-00000000000000000000000000001200)

-- 日志管理(id:00000000000000000000000000001201-00000000000000000000000000001300)


-- ############################################################### 权限配置表 #################################################################
-- 一级菜单(id:00000000000000000000000000000001-00000000000000000000000000000050)
INSERT INTO `sys_role_menu` (`uuid`, `menuId`, `roleId`) VALUES ('00000000000000000000000000000001', '00000000000000000000000000000001', '00000000000000000000000000000001');
INSERT INTO `sys_role_menu` (`uuid`, `menuId`, `roleId`) VALUES ('00000000000000000000000000000002', '00000000000000000000000000000002', '00000000000000000000000000000001');
INSERT INTO `sys_role_menu` (`uuid`, `menuId`, `roleId`) VALUES ('00000000000000000000000000000003', '00000000000000000000000000000003', '00000000000000000000000000000001');
INSERT INTO `sys_role_menu` (`uuid`, `menuId`, `roleId`) VALUES ('00000000000000000000000000000005', '00000000000000000000000000000005', '00000000000000000000000000000001');
INSERT INTO `sys_role_menu` (`uuid`, `menuId`, `roleId`) VALUES ('00000000000000000000000000000006', '00000000000000000000000000000006', '00000000000000000000000000000001');
INSERT INTO `sys_role_menu` (`uuid`, `menuId`, `roleId`) VALUES ('00000000000000000000000000000007', '00000000000000000000000000000007', '00000000000000000000000000000001');
INSERT INTO `sys_role_menu` (`uuid`, `menuId`, `roleId`) VALUES ('00000000000000000000000000000008', '00000000000000000000000000000008', '00000000000000000000000000000001');
-- -------------------------------------------------------------------------------------------------------------------------
-- 二级菜单(id:00000000000000000000000000000051-00000000000000000000000000000500)
-- -------------------------------------------------------------------------------------------------------------------------
-- 系统管理(id:00000000000000000000000000000051-00000000000000000000000000000060)
INSERT INTO `sys_role_menu` (`uuid`, `menuId`, `roleId`) VALUES ('00000000000000000000000000000051', '00000000000000000000000000000051', '00000000000000000000000000000001');
INSERT INTO `sys_role_menu` (`uuid`, `menuId`, `roleId`) VALUES ('00000000000000000000000000000052', '00000000000000000000000000000052', '00000000000000000000000000000001');
INSERT INTO `sys_role_menu` (`uuid`, `menuId`, `roleId`) VALUES ('00000000000000000000000000000053', '00000000000000000000000000000053', '00000000000000000000000000000001');
-- 配置管理(id:00000000000000000000000000000061-00000000000000000000000000000080)
INSERT INTO `sys_role_menu` (`uuid`, `menuId`, `roleId`) VALUES ('00000000000000000000000000000061', '00000000000000000000000000000061', '00000000000000000000000000000001');
INSERT INTO `sys_role_menu` (`uuid`, `menuId`, `roleId`) VALUES ('00000000000000000000000000000062', '00000000000000000000000000000062', '00000000000000000000000000000001');
INSERT INTO `sys_role_menu` (`uuid`, `menuId`, `roleId`) VALUES ('00000000000000000000000000000063', '00000000000000000000000000000063', '00000000000000000000000000000001');
INSERT INTO `sys_role_menu` (`uuid`, `menuId`, `roleId`) VALUES ('00000000000000000000000000000080', '00000000000000000000000000000080', '00000000000000000000000000000001');
-- 轨交数据(id:00000000000000000000000000000081-00000000000000000000000000000090)
INSERT INTO `sys_role_menu` (`uuid`, `menuId`, `roleId`) VALUES ('00000000000000000000000000000081', '00000000000000000000000000000081', '00000000000000000000000000000001');
INSERT INTO `sys_role_menu` (`uuid`, `menuId`, `roleId`) VALUES ('00000000000000000000000000000082', '00000000000000000000000000000082', '00000000000000000000000000000001');
INSERT INTO `sys_role_menu` (`uuid`, `menuId`, `roleId`) VALUES ('00000000000000000000000000000083', '00000000000000000000000000000083', '00000000000000000000000000000001');
INSERT INTO `sys_role_menu` (`uuid`, `menuId`, `roleId`) VALUES ('00000000000000000000000000000084', '00000000000000000000000000000084', '00000000000000000000000000000001');
INSERT INTO `sys_role_menu` (`uuid`, `menuId`, `roleId`) VALUES ('00000000000000000000000000000085', '00000000000000000000000000000085', '00000000000000000000000000000001');
-- 设备管理(id:00000000000000000000000000000091-00000000000000000000000000000100)

-- 故障管理(id:00000000000000000000000000000101-00000000000000000000000000000110)
INSERT INTO `sys_role_menu` (`uuid`, `menuId`, `roleId`) VALUES ('00000000000000000000000000000101', '00000000000000000000000000000101', '00000000000000000000000000000001');
INSERT INTO `sys_role_menu` (`uuid`, `menuId`, `roleId`) VALUES ('00000000000000000000000000000102', '00000000000000000000000000000102', '00000000000000000000000000000001');
INSERT INTO `sys_role_menu` (`uuid`, `menuId`, `roleId`) VALUES ('00000000000000000000000000000103', '00000000000000000000000000000103', '00000000000000000000000000000001');
-- 监控管理(id:00000000000000000000000000000111-00000000000000000000000000000120)
INSERT INTO `sys_role_menu` (`uuid`, `menuId`, `roleId`) VALUES ('00000000000000000000000000000111', '00000000000000000000000000000111', '00000000000000000000000000000001');
INSERT INTO `sys_role_menu` (`uuid`, `menuId`, `roleId`) VALUES ('00000000000000000000000000000112', '00000000000000000000000000000112', '00000000000000000000000000000001');
INSERT INTO `sys_role_menu` (`uuid`, `menuId`, `roleId`) VALUES ('00000000000000000000000000000113', '00000000000000000000000000000113', '00000000000000000000000000000001');
INSERT INTO `sys_role_menu` (`uuid`, `menuId`, `roleId`) VALUES ('00000000000000000000000000000114', '00000000000000000000000000000114', '00000000000000000000000000000001');
INSERT INTO `sys_role_menu` (`uuid`, `menuId`, `roleId`) VALUES ('00000000000000000000000000000115', '00000000000000000000000000000115', '00000000000000000000000000000001');
-- 数据分析管理(id:00000000000000000000000000000121-00000000000000000000000000000130)
INSERT INTO `sys_role_menu` (`uuid`, `menuId`, `roleId`) VALUES ('00000000000000000000000000000121', '00000000000000000000000000000121', '00000000000000000000000000000001');
INSERT INTO `sys_role_menu` (`uuid`, `menuId`, `roleId`) VALUES ('00000000000000000000000000000122', '00000000000000000000000000000122', '00000000000000000000000000000001');
INSERT INTO `sys_role_menu` (`uuid`, `menuId`, `roleId`) VALUES ('00000000000000000000000000000123', '00000000000000000000000000000123', '00000000000000000000000000000001');

-- 日志管理(id:00000000000000000000000000000131-00000000000000000000000000000140)
INSERT INTO `sys_role_menu` (`uuid`, `menuId`, `roleId`) VALUES ('00000000000000000000000000000131', '00000000000000000000000000000131', '00000000000000000000000000000001');
INSERT INTO `sys_role_menu` (`uuid`, `menuId`, `roleId`) VALUES ('00000000000000000000000000000132', '00000000000000000000000000000132', '00000000000000000000000000000001');
-- -------------------------------------------------------------------------------------------------------------------------
-- 三级按钮(id:00000000000000000000000000000501-00000000000000000000000000005000)
-- -------------------------------------------------------------------------------------------------------------------------
-- 系统管理  (id:00000000000000000000000000000501-00000000000000000000000000000600)
INSERT INTO `sys_role_menu` (`uuid`, `menuId`, `roleId`) VALUES ('00000000000000000000000000000501', '00000000000000000000000000000501', '00000000000000000000000000000001');
INSERT INTO `sys_role_menu` (`uuid`, `menuId`, `roleId`) VALUES ('00000000000000000000000000000502', '00000000000000000000000000000502', '00000000000000000000000000000001');
INSERT INTO `sys_role_menu` (`uuid`, `menuId`, `roleId`) VALUES ('00000000000000000000000000000503', '00000000000000000000000000000503', '00000000000000000000000000000001');
INSERT INTO `sys_role_menu` (`uuid`, `menuId`, `roleId`) VALUES ('00000000000000000000000000000504', '00000000000000000000000000000504', '00000000000000000000000000000001');
INSERT INTO `sys_role_menu` (`uuid`, `menuId`, `roleId`) VALUES ('00000000000000000000000000000505', '00000000000000000000000000000505', '00000000000000000000000000000001');
INSERT INTO `sys_role_menu` (`uuid`, `menuId`, `roleId`) VALUES ('00000000000000000000000000000506', '00000000000000000000000000000506', '00000000000000000000000000000001');
INSERT INTO `sys_role_menu` (`uuid`, `menuId`, `roleId`) VALUES ('00000000000000000000000000000507', '00000000000000000000000000000507', '00000000000000000000000000000001');
INSERT INTO `sys_role_menu` (`uuid`, `menuId`, `roleId`) VALUES ('00000000000000000000000000000508', '00000000000000000000000000000508', '00000000000000000000000000000001');
INSERT INTO `sys_role_menu` (`uuid`, `menuId`, `roleId`) VALUES ('00000000000000000000000000000509', '00000000000000000000000000000509', '00000000000000000000000000000001');
INSERT INTO `sys_role_menu` (`uuid`, `menuId`, `roleId`) VALUES ('00000000000000000000000000000510', '00000000000000000000000000000510', '00000000000000000000000000000001');
INSERT INTO `sys_role_menu` (`uuid`, `menuId`, `roleId`) VALUES ('00000000000000000000000000000511', '00000000000000000000000000000511', '00000000000000000000000000000001');
INSERT INTO `sys_role_menu` (`uuid`, `menuId`, `roleId`) VALUES ('00000000000000000000000000000512', '00000000000000000000000000000512', '00000000000000000000000000000001');
INSERT INTO `sys_role_menu` (`uuid`, `menuId`, `roleId`) VALUES ('00000000000000000000000000000513', '00000000000000000000000000000513', '00000000000000000000000000000001');
INSERT INTO `sys_role_menu` (`uuid`, `menuId`, `roleId`) VALUES ('00000000000000000000000000000514', '00000000000000000000000000000514', '00000000000000000000000000000001');
INSERT INTO `sys_role_menu` (`uuid`, `menuId`, `roleId`) VALUES ('00000000000000000000000000000515', '00000000000000000000000000000515', '00000000000000000000000000000001');
INSERT INTO `sys_role_menu` (`uuid`, `menuId`, `roleId`) VALUES ('00000000000000000000000000000516', '00000000000000000000000000000516', '00000000000000000000000000000001');
INSERT INTO `sys_role_menu` (`uuid`, `menuId`, `roleId`) VALUES ('00000000000000000000000000000517', '00000000000000000000000000000517', '00000000000000000000000000000001');
INSERT INTO `sys_role_menu` (`uuid`, `menuId`, `roleId`) VALUES ('00000000000000000000000000000518', '00000000000000000000000000000518', '00000000000000000000000000000001');
INSERT INTO `sys_role_menu` (`uuid`, `menuId`, `roleId`) VALUES ('00000000000000000000000000000519', '00000000000000000000000000000519', '00000000000000000000000000000001');
-- 配置管理(id:00000000000000000000000000000601-00000000000000000000000000000700)
INSERT INTO `sys_role_menu` (`uuid`, `menuId`, `roleId`) VALUES ('00000000000000000000000000000601', '00000000000000000000000000000601', '00000000000000000000000000000001');
INSERT INTO `sys_role_menu` (`uuid`, `menuId`, `roleId`) VALUES ('00000000000000000000000000000602', '00000000000000000000000000000602', '00000000000000000000000000000001');
INSERT INTO `sys_role_menu` (`uuid`, `menuId`, `roleId`) VALUES ('00000000000000000000000000000603', '00000000000000000000000000000603', '00000000000000000000000000000001');
INSERT INTO `sys_role_menu` (`uuid`, `menuId`, `roleId`) VALUES ('00000000000000000000000000000604', '00000000000000000000000000000604', '00000000000000000000000000000001');
INSERT INTO `sys_role_menu` (`uuid`, `menuId`, `roleId`) VALUES ('00000000000000000000000000000605', '00000000000000000000000000000605', '00000000000000000000000000000001');
INSERT INTO `sys_role_menu` (`uuid`, `menuId`, `roleId`) VALUES ('00000000000000000000000000000606', '00000000000000000000000000000606', '00000000000000000000000000000001');
INSERT INTO `sys_role_menu` (`uuid`, `menuId`, `roleId`) VALUES ('00000000000000000000000000000607', '00000000000000000000000000000607', '00000000000000000000000000000001');
INSERT INTO `sys_role_menu` (`uuid`, `menuId`, `roleId`) VALUES ('00000000000000000000000000000608', '00000000000000000000000000000608', '00000000000000000000000000000001');
INSERT INTO `sys_role_menu` (`uuid`, `menuId`, `roleId`) VALUES ('00000000000000000000000000000609', '00000000000000000000000000000609', '00000000000000000000000000000001');
-- 轨交数据(id:00000000000000000000000000000701-00000000000000000000000000000800)
INSERT INTO `sys_role_menu` (`uuid`, `menuId`, `roleId`) VALUES ('00000000000000000000000000000701', '00000000000000000000000000000701', '00000000000000000000000000000001');
INSERT INTO `sys_role_menu` (`uuid`, `menuId`, `roleId`) VALUES ('00000000000000000000000000000702', '00000000000000000000000000000702', '00000000000000000000000000000001');
INSERT INTO `sys_role_menu` (`uuid`, `menuId`, `roleId`) VALUES ('00000000000000000000000000000703', '00000000000000000000000000000703', '00000000000000000000000000000001');
INSERT INTO `sys_role_menu` (`uuid`, `menuId`, `roleId`) VALUES ('00000000000000000000000000000704', '00000000000000000000000000000704', '00000000000000000000000000000001');
INSERT INTO `sys_role_menu` (`uuid`, `menuId`, `roleId`) VALUES ('00000000000000000000000000000705', '00000000000000000000000000000705', '00000000000000000000000000000001');
INSERT INTO `sys_role_menu` (`uuid`, `menuId`, `roleId`) VALUES ('00000000000000000000000000000706', '00000000000000000000000000000706', '00000000000000000000000000000001');
INSERT INTO `sys_role_menu` (`uuid`, `menuId`, `roleId`) VALUES ('00000000000000000000000000000707', '00000000000000000000000000000707', '00000000000000000000000000000001');
INSERT INTO `sys_role_menu` (`uuid`, `menuId`, `roleId`) VALUES ('00000000000000000000000000000708', '00000000000000000000000000000708', '00000000000000000000000000000001');
INSERT INTO `sys_role_menu` (`uuid`, `menuId`, `roleId`) VALUES ('00000000000000000000000000000709', '00000000000000000000000000000709', '00000000000000000000000000000001');
INSERT INTO `sys_role_menu` (`uuid`, `menuId`, `roleId`) VALUES ('00000000000000000000000000000710', '00000000000000000000000000000710', '00000000000000000000000000000001');
INSERT INTO `sys_role_menu` (`uuid`, `menuId`, `roleId`) VALUES ('00000000000000000000000000000711', '00000000000000000000000000000711', '00000000000000000000000000000001');
INSERT INTO `sys_role_menu` (`uuid`, `menuId`, `roleId`) VALUES ('00000000000000000000000000000712', '00000000000000000000000000000712', '00000000000000000000000000000001');
INSERT INTO `sys_role_menu` (`uuid`, `menuId`, `roleId`) VALUES ('00000000000000000000000000000713', '00000000000000000000000000000713', '00000000000000000000000000000001');
INSERT INTO `sys_role_menu` (`uuid`, `menuId`, `roleId`) VALUES ('00000000000000000000000000000714', '00000000000000000000000000000714', '00000000000000000000000000000001');
INSERT INTO `sys_role_menu` (`uuid`, `menuId`, `roleId`) VALUES ('00000000000000000000000000000715', '00000000000000000000000000000715', '00000000000000000000000000000001');
INSERT INTO `sys_role_menu` (`uuid`, `menuId`, `roleId`) VALUES ('00000000000000000000000000000716', '00000000000000000000000000000716', '00000000000000000000000000000001');
-- 设备管理(id:00000000000000000000000000000801-00000000000000000000000000000900)

-- 故障管理(id:00000000000000000000000000000901-000000000000000000000000000001000)
INSERT INTO `sys_role_menu` (`uuid`, `menuId`, `roleId`) VALUES ('00000000000000000000000000000901', '00000000000000000000000000000901', '00000000000000000000000000000001');
INSERT INTO `sys_role_menu` (`uuid`, `menuId`, `roleId`) VALUES ('00000000000000000000000000000902', '00000000000000000000000000000902', '00000000000000000000000000000001');
INSERT INTO `sys_role_menu` (`uuid`, `menuId`, `roleId`) VALUES ('00000000000000000000000000000903', '00000000000000000000000000000903', '00000000000000000000000000000001');
-- 监控管理(id:00000000000000000000000000001001-00000000000000000000000000001100)

-- 数据分析管理(id:00000000000000000000000000001101-00000000000000000000000000001200)

-- 日志管理(id:00000000000000000000000000001201-00000000000000000000000000001300)

-- ---------------------------------------------------------------------------------------------------------------------------------------
--                                                             数据区   End
-- ---------------------------------------------------------------------------------------------------------------------------------------



-- ---------------------------------------------------------------------------------------------------------------------------------------
--                                                             自定义数据区   End
-- ---------------------------------------------------------------------------------------------------------------------------------------

-- ############################################################### 参数配置表 #################################################################
INSERT INTO `vhis_argument` (`uuid`, `name`, `value`, `remark`, `createTime`, `createUserId`, `updateTime`, `updateUserId`) VALUES ('00000000000000000000000000000001', 'vhis_city', '南京', '当前城市', '2018-01-01 09:00:00', '00000000000000000000000000000001', '2018-01-01 09:00:00', '00000000000000000000000000000001');
INSERT INTO `vhis_argument` (`uuid`, `name`, `value`, `remark`, `createTime`, `createUserId`, `updateTime`, `updateUserId`) VALUES ('00000000000000000000000000000002', 'vhis_ftp_url', '192.168.0.130', 'FTP地址', '2018-01-01 09:00:00', '00000000000000000000000000000001', '2018-01-01 09:00:00', '00000000000000000000000000000001');
INSERT INTO `vhis_argument` (`uuid`, `name`, `value`, `remark`, `createTime`, `createUserId`, `updateTime`, `updateUserId`) VALUES ('00000000000000000000000000000003', 'vhis_ftp_loginName', 'mission_ftp', 'FTP登录名', '2018-01-01 09:00:00', '00000000000000000000000000000001', '2018-01-01 09:00:00', '00000000000000000000000000000001');
INSERT INTO `vhis_argument` (`uuid`, `name`, `value`, `remark`, `createTime`, `createUserId`, `updateTime`, `updateUserId`) VALUES ('00000000000000000000000000000004', 'vhis_ftp_password', '111111', 'FTP登录密码', '2018-01-01 09:00:00', '00000000000000000000000000000001', '2018-01-01 09:00:00', '00000000000000000000000000000001');
INSERT INTO `vhis_argument` (`uuid`, `name`, `value`, `remark`, `createTime`, `createUserId`, `updateTime`, `updateUserId`) VALUES ('00000000000000000000000000000005', 'vhis_local_ip', '192.168.0.141', '本地IP', '2018-01-01 09:00:00', '00000000000000000000000000000001', '2018-01-01 09:00:00', '00000000000000000000000000000001');

-- ############################################################### 线路信息表 #################################################################
INSERT INTO `vhis_metro_line` (`uuid`, `code`, `color`, `company`, `createTime`, `createUserId`, `isRun`, `name`, `nameEn`, `type`, `updateTime`, `updateUserId`, `parentId`, `num`) VALUES ('00000000000000000000000000000005', '5', '#9950b2', '南京地铁总公司', '2018-01-01 09:00:00', null, '1', '五号线', 'Line 5', '1', '2018-01-01 09:00:00', null, '', '5');

-- ############################################################### 车库信息表 #################################################################
INSERT INTO `vhis_garage` (`uuid`, `name`, `code`, `ip`, `createTime`, `updateTime`, `createUserId`, `updateUserId`, `remark`) VALUES ('00000000000000000000000000000001', '平庄基地', '1', '192.168.0.141', '2018-01-01 09:00:00', '2018-01-01 09:00:00', '00000000000000000000000000000001', '00000000000000000000000000000001', null);

-- ############################################################### 车站信息表 #################################################################
INSERT INTO `vhis_metro_station` (`uuid`, `capsules`, `createTime`, `createUserId`, `name`, `nameEn`, `nameSpell`, `updateTime`, `updateUserId`) VALUES ('00000000000000000000000000000001', NULL, '2018-01-01 09:00:00', '00000000000000000000000000000001', '莘庄', 'XINZHUANG ', 'XZ', '2018-01-01 09:00:00', '00000000000000000000000000000001');
INSERT INTO `vhis_metro_station` (`uuid`, `capsules`, `createTime`, `createUserId`, `name`, `nameEn`, `nameSpell`, `updateTime`, `updateUserId`) VALUES ('00000000000000000000000000000002', NULL, '2018-01-01 09:00:00', '00000000000000000000000000000001', '春申路', 'CHUNSHENLU', 'CSL', '2018-01-01 09:00:00', '00000000000000000000000000000001');
INSERT INTO `vhis_metro_station` (`uuid`, `capsules`, `createTime`, `createUserId`, `name`, `nameEn`, `nameSpell`, `updateTime`, `updateUserId`) VALUES ('00000000000000000000000000000003', NULL, '2018-01-01 09:00:00', '00000000000000000000000000000001', '银都路', 'YINDULU', 'YDL', '2018-01-01 09:00:00', '00000000000000000000000000000001');
INSERT INTO `vhis_metro_station` (`uuid`, `capsules`, `createTime`, `createUserId`, `name`, `nameEn`, `nameSpell`, `updateTime`, `updateUserId`) VALUES ('00000000000000000000000000000004', NULL, '2018-01-01 09:00:00', '00000000000000000000000000000001', '颛桥路', 'ZHUANQIAOLU', 'ZQL', '2018-01-01 09:00:00', '00000000000000000000000000000001');
INSERT INTO `vhis_metro_station` (`uuid`, `capsules`, `createTime`, `createUserId`, `name`, `nameEn`, `nameSpell`, `updateTime`, `updateUserId`) VALUES ('00000000000000000000000000000005', NULL, '2018-01-01 09:00:00', '00000000000000000000000000000001', '北桥', 'BEIQIAO', 'BQ', '2018-01-01 09:00:00', '00000000000000000000000000000001');
INSERT INTO `vhis_metro_station` (`uuid`, `capsules`, `createTime`, `createUserId`, `name`, `nameEn`, `nameSpell`, `updateTime`, `updateUserId`) VALUES ('00000000000000000000000000000006', NULL, '2018-01-01 09:00:00', '00000000000000000000000000000001', '剑川路', 'JIANCHUANLU', 'JCL', '2018-01-01 09:00:00', '00000000000000000000000000000001');
INSERT INTO `vhis_metro_station` (`uuid`, `capsules`, `createTime`, `createUserId`, `name`, `nameEn`, `nameSpell`, `updateTime`, `updateUserId`) VALUES ('00000000000000000000000000000007', NULL, '2018-01-01 09:00:00', '00000000000000000000000000000001', '东川路', 'DONGCHUANLU', 'DCL', '2018-01-01 09:00:00', '00000000000000000000000000000001');
INSERT INTO `vhis_metro_station` (`uuid`, `capsules`, `createTime`, `createUserId`, `name`, `nameEn`, `nameSpell`, `updateTime`, `updateUserId`) VALUES ('00000000000000000000000000000008', NULL, '2018-01-01 09:00:00', '00000000000000000000000000000001', '江川路', 'JIANGCHUANLU', 'JCL', '2018-01-01 09:00:00', '00000000000000000000000000000001');
INSERT INTO `vhis_metro_station` (`uuid`, `capsules`, `createTime`, `createUserId`, `name`, `nameEn`, `nameSpell`, `updateTime`, `updateUserId`) VALUES ('00000000000000000000000000000009', NULL, '2018-01-01 09:00:00', '00000000000000000000000000000001', '西度', 'XIDU', 'XD', '2018-01-01 09:00:00', '00000000000000000000000000000001');
INSERT INTO `vhis_metro_station` (`uuid`, `capsules`, `createTime`, `createUserId`, `name`, `nameEn`, `nameSpell`, `updateTime`, `updateUserId`) VALUES ('00000000000000000000000000000010', NULL, '2018-01-01 09:00:00', '00000000000000000000000000000001', '萧塘', 'XIAOTANG', 'XT', '2018-01-01 09:00:00', '00000000000000000000000000000001');
INSERT INTO `vhis_metro_station` (`uuid`, `capsules`, `createTime`, `createUserId`, `name`, `nameEn`, `nameSpell`, `updateTime`, `updateUserId`) VALUES ('00000000000000000000000000000011', NULL, '2018-01-01 09:00:00', '00000000000000000000000000000001', '奉浦大道', 'FENGPUDADAO', 'FPDD', '2018-01-01 09:00:00', '00000000000000000000000000000001');
INSERT INTO `vhis_metro_station` (`uuid`, `capsules`, `createTime`, `createUserId`, `name`, `nameEn`, `nameSpell`, `updateTime`, `updateUserId`) VALUES ('00000000000000000000000000000012', NULL, '2018-01-01 09:00:00', '00000000000000000000000000000001', '环城东路', 'HUANCHENGDONGLU', 'HCDL', '2018-01-01 09:00:00', '00000000000000000000000000000001');
INSERT INTO `vhis_metro_station` (`uuid`, `capsules`, `createTime`, `createUserId`, `name`, `nameEn`, `nameSpell`, `updateTime`, `updateUserId`) VALUES ('00000000000000000000000000000013', NULL, '2018-01-01 09:00:00', '00000000000000000000000000000001', '望园路', 'WANGYUANLU', 'WYL', '2018-01-01 09:00:00', '00000000000000000000000000000001');
INSERT INTO `vhis_metro_station` (`uuid`, `capsules`, `createTime`, `createUserId`, `name`, `nameEn`, `nameSpell`, `updateTime`, `updateUserId`) VALUES ('00000000000000000000000000000014', NULL, '2018-01-01 09:00:00', '00000000000000000000000000000001', '金海湖', 'JINGHAIHU', 'JHH', '2018-01-01 09:00:00', '00000000000000000000000000000001');
INSERT INTO `vhis_metro_station` (`uuid`, `capsules`, `createTime`, `createUserId`, `name`, `nameEn`, `nameSpell`, `updateTime`, `updateUserId`) VALUES ('00000000000000000000000000000015', NULL, '2018-01-01 09:00:00', '00000000000000000000000000000001', '奉贤新城', 'FENGXIANXINCHENG', 'FXXC', '2018-01-01 09:00:00', '00000000000000000000000000000001');

-- ############################################################### 线路车站配置表 #################################################################
INSERT INTO `vhis_metro_configuration` (`uuid`, `direction`, `endTime`, `isRun`, `lineId`, `num`, `sort`, `startTime`, `stationId`) VALUES ('00000000000000000000000000000001', '1', NULL, '1', '00000000000000000000000000000005', '0501', '1', NULL, '00000000000000000000000000000001');
INSERT INTO `vhis_metro_configuration` (`uuid`, `direction`, `endTime`, `isRun`, `lineId`, `num`, `sort`, `startTime`, `stationId`) VALUES ('00000000000000000000000000000002', '1', NULL, '1', '00000000000000000000000000000005', '0502', '2', NULL, '00000000000000000000000000000002');
INSERT INTO `vhis_metro_configuration` (`uuid`, `direction`, `endTime`, `isRun`, `lineId`, `num`, `sort`, `startTime`, `stationId`) VALUES ('00000000000000000000000000000003', '1', NULL, '1', '00000000000000000000000000000005', '0503', '3', NULL, '00000000000000000000000000000003');
INSERT INTO `vhis_metro_configuration` (`uuid`, `direction`, `endTime`, `isRun`, `lineId`, `num`, `sort`, `startTime`, `stationId`) VALUES ('00000000000000000000000000000004', '1', NULL, '1', '00000000000000000000000000000005', '0504', '4', NULL, '00000000000000000000000000000004');
INSERT INTO `vhis_metro_configuration` (`uuid`, `direction`, `endTime`, `isRun`, `lineId`, `num`, `sort`, `startTime`, `stationId`) VALUES ('00000000000000000000000000000005', '1', NULL, '1', '00000000000000000000000000000005', '0505', '5', NULL, '00000000000000000000000000000005');
INSERT INTO `vhis_metro_configuration` (`uuid`, `direction`, `endTime`, `isRun`, `lineId`, `num`, `sort`, `startTime`, `stationId`) VALUES ('00000000000000000000000000000006', '1', NULL, '1', '00000000000000000000000000000005', '0506', '6', NULL, '00000000000000000000000000000006');
INSERT INTO `vhis_metro_configuration` (`uuid`, `direction`, `endTime`, `isRun`, `lineId`, `num`, `sort`, `startTime`, `stationId`) VALUES ('00000000000000000000000000000007', '1', NULL, '1', '00000000000000000000000000000005', '0507', '7', NULL, '00000000000000000000000000000007');
INSERT INTO `vhis_metro_configuration` (`uuid`, `direction`, `endTime`, `isRun`, `lineId`, `num`, `sort`, `startTime`, `stationId`) VALUES ('00000000000000000000000000000008', '1', NULL, '1', '00000000000000000000000000000005', '0508', '8', NULL, '00000000000000000000000000000008');
INSERT INTO `vhis_metro_configuration` (`uuid`, `direction`, `endTime`, `isRun`, `lineId`, `num`, `sort`, `startTime`, `stationId`) VALUES ('00000000000000000000000000000009', '1', NULL, '1', '00000000000000000000000000000005', '0509', '9', NULL, '00000000000000000000000000000009');
INSERT INTO `vhis_metro_configuration` (`uuid`, `direction`, `endTime`, `isRun`, `lineId`, `num`, `sort`, `startTime`, `stationId`) VALUES ('00000000000000000000000000000010', '1', NULL, '1', '00000000000000000000000000000005', '0510', '10', NULL, '00000000000000000000000000000010');
INSERT INTO `vhis_metro_configuration` (`uuid`, `direction`, `endTime`, `isRun`, `lineId`, `num`, `sort`, `startTime`, `stationId`) VALUES ('00000000000000000000000000000011', '1', NULL, '1', '00000000000000000000000000000005', '0511', '11', NULL, '00000000000000000000000000000011');
INSERT INTO `vhis_metro_configuration` (`uuid`, `direction`, `endTime`, `isRun`, `lineId`, `num`, `sort`, `startTime`, `stationId`) VALUES ('00000000000000000000000000000012', '1', NULL, '1', '00000000000000000000000000000005', '0512', '12', NULL, '00000000000000000000000000000012');
INSERT INTO `vhis_metro_configuration` (`uuid`, `direction`, `endTime`, `isRun`, `lineId`, `num`, `sort`, `startTime`, `stationId`) VALUES ('00000000000000000000000000000013', '1', NULL, '1', '00000000000000000000000000000005', '0513', '13', NULL, '00000000000000000000000000000013');
INSERT INTO `vhis_metro_configuration` (`uuid`, `direction`, `endTime`, `isRun`, `lineId`, `num`, `sort`, `startTime`, `stationId`) VALUES ('00000000000000000000000000000014', '1', NULL, '1', '00000000000000000000000000000005', '0514', '14', NULL, '00000000000000000000000000000014');
INSERT INTO `vhis_metro_configuration` (`uuid`, `direction`, `endTime`, `isRun`, `lineId`, `num`, `sort`, `startTime`, `stationId`) VALUES ('00000000000000000000000000000015', '1', NULL, '1', '00000000000000000000000000000005', '0515', '15', NULL, '00000000000000000000000000000015');
INSERT INTO `vhis_metro_configuration` (`uuid`, `direction`, `endTime`, `isRun`, `lineId`, `num`, `sort`, `startTime`, `stationId`) VALUES ('00000000000000000000000000000016', '2', NULL, '1', '00000000000000000000000000000005', '0501', '1', NULL, '00000000000000000000000000000015');
INSERT INTO `vhis_metro_configuration` (`uuid`, `direction`, `endTime`, `isRun`, `lineId`, `num`, `sort`, `startTime`, `stationId`) VALUES ('00000000000000000000000000000017', '2', NULL, '1', '00000000000000000000000000000005', '0502', '2', NULL, '00000000000000000000000000000014');
INSERT INTO `vhis_metro_configuration` (`uuid`, `direction`, `endTime`, `isRun`, `lineId`, `num`, `sort`, `startTime`, `stationId`) VALUES ('00000000000000000000000000000018', '2', NULL, '1', '00000000000000000000000000000005', '0503', '3', NULL, '00000000000000000000000000000013');
INSERT INTO `vhis_metro_configuration` (`uuid`, `direction`, `endTime`, `isRun`, `lineId`, `num`, `sort`, `startTime`, `stationId`) VALUES ('00000000000000000000000000000019', '2', NULL, '1', '00000000000000000000000000000005', '0504', '4', NULL, '00000000000000000000000000000012');
INSERT INTO `vhis_metro_configuration` (`uuid`, `direction`, `endTime`, `isRun`, `lineId`, `num`, `sort`, `startTime`, `stationId`) VALUES ('00000000000000000000000000000020', '2', NULL, '1', '00000000000000000000000000000005', '0505', '5', NULL, '00000000000000000000000000000011');
INSERT INTO `vhis_metro_configuration` (`uuid`, `direction`, `endTime`, `isRun`, `lineId`, `num`, `sort`, `startTime`, `stationId`) VALUES ('00000000000000000000000000000021', '2', NULL, '1', '00000000000000000000000000000005', '0506', '6', NULL, '00000000000000000000000000000010');
INSERT INTO `vhis_metro_configuration` (`uuid`, `direction`, `endTime`, `isRun`, `lineId`, `num`, `sort`, `startTime`, `stationId`) VALUES ('00000000000000000000000000000022', '2', NULL, '1', '00000000000000000000000000000005', '0507', '7', NULL, '00000000000000000000000000000009');
INSERT INTO `vhis_metro_configuration` (`uuid`, `direction`, `endTime`, `isRun`, `lineId`, `num`, `sort`, `startTime`, `stationId`) VALUES ('00000000000000000000000000000023', '2', NULL, '1', '00000000000000000000000000000005', '0508', '8', NULL, '00000000000000000000000000000008');
INSERT INTO `vhis_metro_configuration` (`uuid`, `direction`, `endTime`, `isRun`, `lineId`, `num`, `sort`, `startTime`, `stationId`) VALUES ('00000000000000000000000000000024', '2', NULL, '1', '00000000000000000000000000000005', '0509', '9', NULL, '00000000000000000000000000000007');
INSERT INTO `vhis_metro_configuration` (`uuid`, `direction`, `endTime`, `isRun`, `lineId`, `num`, `sort`, `startTime`, `stationId`) VALUES ('00000000000000000000000000000025', '2', NULL, '1', '00000000000000000000000000000005', '0510', '10', NULL, '00000000000000000000000000000006');
INSERT INTO `vhis_metro_configuration` (`uuid`, `direction`, `endTime`, `isRun`, `lineId`, `num`, `sort`, `startTime`, `stationId`) VALUES ('00000000000000000000000000000026', '2', NULL, '1', '00000000000000000000000000000005', '0511', '11', NULL, '00000000000000000000000000000005');
INSERT INTO `vhis_metro_configuration` (`uuid`, `direction`, `endTime`, `isRun`, `lineId`, `num`, `sort`, `startTime`, `stationId`) VALUES ('00000000000000000000000000000027', '2', NULL, '1', '00000000000000000000000000000005', '0512', '12', NULL, '00000000000000000000000000000004');
INSERT INTO `vhis_metro_configuration` (`uuid`, `direction`, `endTime`, `isRun`, `lineId`, `num`, `sort`, `startTime`, `stationId`) VALUES ('00000000000000000000000000000028', '2', NULL, '1', '00000000000000000000000000000005', '0513', '13', NULL, '00000000000000000000000000000003');
INSERT INTO `vhis_metro_configuration` (`uuid`, `direction`, `endTime`, `isRun`, `lineId`, `num`, `sort`, `startTime`, `stationId`) VALUES ('00000000000000000000000000000029', '2', NULL, '1', '00000000000000000000000000000005', '0514', '14', NULL, '00000000000000000000000000000002');
INSERT INTO `vhis_metro_configuration` (`uuid`, `direction`, `endTime`, `isRun`, `lineId`, `num`, `sort`, `startTime`, `stationId`) VALUES ('00000000000000000000000000000030', '2', NULL, '1', '00000000000000000000000000000005', '0515', '15', NULL, '00000000000000000000000000000001');

-- ############################################################### 列车类型信息表 #################################################################
INSERT INTO `vhis_train_type` (`uuid`, `code`, `name`, `remark`, `createTime`, `updateTime`, `createUserId`, `updateUserId`) VALUES ('00000000000000000000000000000001', '1', '西门子', null, '2018-01-01 09:00:00', '2018-01-01 09:00:00', '00000000000000000000000000000001', '00000000000000000000000000000001');
INSERT INTO `vhis_train_type` (`uuid`, `code`, `name`, `remark`, `createTime`, `updateTime`, `createUserId`, `updateUserId`) VALUES ('00000000000000000000000000000002', '2', '阿尔斯通', null, '2018-01-01 09:00:00', '2018-01-01 09:00:00', '00000000000000000000000000000001', '00000000000000000000000000000001');

-- ############################################################### 线路车库配置表 #################################################################
INSERT INTO `vhis_line_garage` (`uuid`, `garageId`, `lineId`) VALUES ('00000000000000000000000000000001', '00000000000000000000000000000001', '00000000000000000000000000000005');

-- ############################################################### 车库列车配置表 #################################################################
INSERT INTO `vhis_garage_train` (`uuid`, `garageId`, `trainId`) VALUES ('00000000000000000000000000000001', '00000000000000000000000000000001', '00000000000000000000000000000520');
INSERT INTO `vhis_garage_train` (`uuid`, `garageId`, `trainId`) VALUES ('00000000000000000000000000000002', '00000000000000000000000000000001', '00000000000000000000000000000521');
INSERT INTO `vhis_garage_train` (`uuid`, `garageId`, `trainId`) VALUES ('00000000000000000000000000000003', '00000000000000000000000000000001', '00000000000000000000000000000522');
INSERT INTO `vhis_garage_train` (`uuid`, `garageId`, `trainId`) VALUES ('00000000000000000000000000000004', '00000000000000000000000000000001', '00000000000000000000000000000523');
INSERT INTO `vhis_garage_train` (`uuid`, `garageId`, `trainId`) VALUES ('00000000000000000000000000000005', '00000000000000000000000000000001', '00000000000000000000000000000524');
INSERT INTO `vhis_garage_train` (`uuid`, `garageId`, `trainId`) VALUES ('00000000000000000000000000000006', '00000000000000000000000000000001', '00000000000000000000000000000525');
INSERT INTO `vhis_garage_train` (`uuid`, `garageId`, `trainId`) VALUES ('00000000000000000000000000000007', '00000000000000000000000000000001', '00000000000000000000000000000526');
INSERT INTO `vhis_garage_train` (`uuid`, `garageId`, `trainId`) VALUES ('00000000000000000000000000000008', '00000000000000000000000000000001', '00000000000000000000000000000527');

-- ############################################################### 列车信息表 #################################################################
INSERT INTO `vhis_train` (`uuid`, `trainTypeId`, `name`, `code`, `createTime`, `updateTime`, `createUserId`, `updateUserId`, `remark`) VALUES ('00000000000000000000000000000520', '00000000000000000000000000000001', '520', '520', '2018-01-01 09:00:00', '2018-01-01 09:00:00', '00000000000000000000000000000001', '00000000000000000000000000000001', null);
INSERT INTO `vhis_train` (`uuid`, `trainTypeId`, `name`, `code`, `createTime`, `updateTime`, `createUserId`, `updateUserId`, `remark`) VALUES ('00000000000000000000000000000521', '00000000000000000000000000000001', '521', '521', '2018-01-01 09:00:00', '2018-01-01 09:00:00', '00000000000000000000000000000001', '00000000000000000000000000000001', null);
INSERT INTO `vhis_train` (`uuid`, `trainTypeId`, `name`, `code`, `createTime`, `updateTime`, `createUserId`, `updateUserId`, `remark`) VALUES ('00000000000000000000000000000522', '00000000000000000000000000000001', '522', '522', '2018-01-01 09:00:00', '2018-01-01 09:00:00', '00000000000000000000000000000001', '00000000000000000000000000000001', null);
INSERT INTO `vhis_train` (`uuid`, `trainTypeId`, `name`, `code`, `createTime`, `updateTime`, `createUserId`, `updateUserId`, `remark`) VALUES ('00000000000000000000000000000523', '00000000000000000000000000000001', '523', '523', '2018-01-01 09:00:00', '2018-01-01 09:00:00', '00000000000000000000000000000001', '00000000000000000000000000000001', null);
INSERT INTO `vhis_train` (`uuid`, `trainTypeId`, `name`, `code`, `createTime`, `updateTime`, `createUserId`, `updateUserId`, `remark`) VALUES ('00000000000000000000000000000524', '00000000000000000000000000000001', '524', '524', '2018-01-01 09:00:00', '2018-01-01 09:00:00', '00000000000000000000000000000001', '00000000000000000000000000000001', null);
INSERT INTO `vhis_train` (`uuid`, `trainTypeId`, `name`, `code`, `createTime`, `updateTime`, `createUserId`, `updateUserId`, `remark`) VALUES ('00000000000000000000000000000525', '00000000000000000000000000000001', '525', '525', '2018-01-01 09:00:00', '2018-01-01 09:00:00', '00000000000000000000000000000001', '00000000000000000000000000000001', null);
INSERT INTO `vhis_train` (`uuid`, `trainTypeId`, `name`, `code`, `createTime`, `updateTime`, `createUserId`, `updateUserId`, `remark`) VALUES ('00000000000000000000000000000526', '00000000000000000000000000000001', '526', '526', '2018-01-01 09:00:00', '2018-01-01 09:00:00', '00000000000000000000000000000001', '00000000000000000000000000000001', null);
INSERT INTO `vhis_train` (`uuid`, `trainTypeId`, `name`, `code`, `createTime`, `updateTime`, `createUserId`, `updateUserId`, `remark`) VALUES ('00000000000000000000000000000527', '00000000000000000000000000000001', '527', '527', '2018-01-01 09:00:00', '2018-01-01 09:00:00', '00000000000000000000000000000001', '00000000000000000000000000000001', null);
INSERT INTO `vhis_train` (`uuid`, `trainTypeId`, `name`, `code`, `createTime`, `updateTime`, `createUserId`, `updateUserId`, `remark`) VALUES ('00000000000000000000000000000528', '00000000000000000000000000000001', '528', '528', '2018-01-01 09:00:00', '2018-01-01 09:00:00', '00000000000000000000000000000001', '00000000000000000000000000000001', null);
INSERT INTO `vhis_train` (`uuid`, `trainTypeId`, `name`, `code`, `createTime`, `updateTime`, `createUserId`, `updateUserId`, `remark`) VALUES ('00000000000000000000000000000529', '00000000000000000000000000000001', '529', '529', '2018-01-01 09:00:00', '2018-01-01 09:00:00', '00000000000000000000000000000001', '00000000000000000000000000000001', null);
INSERT INTO `vhis_train` (`uuid`, `trainTypeId`, `name`, `code`, `createTime`, `updateTime`, `createUserId`, `updateUserId`, `remark`) VALUES ('00000000000000000000000000000530', '00000000000000000000000000000001', '530', '530', '2018-01-01 09:00:00', '2018-01-01 09:00:00', '00000000000000000000000000000001', '00000000000000000000000000000001', null);
INSERT INTO `vhis_train` (`uuid`, `trainTypeId`, `name`, `code`, `createTime`, `updateTime`, `createUserId`, `updateUserId`, `remark`) VALUES ('00000000000000000000000000000531', '00000000000000000000000000000001', '531', '531', '2018-01-01 09:00:00', '2018-01-01 09:00:00', '00000000000000000000000000000001', '00000000000000000000000000000001', null);
INSERT INTO `vhis_train` (`uuid`, `trainTypeId`, `name`, `code`, `createTime`, `updateTime`, `createUserId`, `updateUserId`, `remark`) VALUES ('00000000000000000000000000000532', '00000000000000000000000000000001', '532', '532', '2018-01-01 09:00:00', '2018-01-01 09:00:00', '00000000000000000000000000000001', '00000000000000000000000000000001', null);
INSERT INTO `vhis_train` (`uuid`, `trainTypeId`, `name`, `code`, `createTime`, `updateTime`, `createUserId`, `updateUserId`, `remark`) VALUES ('00000000000000000000000000000533', '00000000000000000000000000000001', '533', '533', '2018-01-01 09:00:00', '2018-01-01 09:00:00', '00000000000000000000000000000001', '00000000000000000000000000000001', null);
INSERT INTO `vhis_train` (`uuid`, `trainTypeId`, `name`, `code`, `createTime`, `updateTime`, `createUserId`, `updateUserId`, `remark`) VALUES ('00000000000000000000000000000534', '00000000000000000000000000000001', '534', '534', '2018-01-01 09:00:00', '2018-01-01 09:00:00', '00000000000000000000000000000001', '00000000000000000000000000000001', null);
INSERT INTO `vhis_train` (`uuid`, `trainTypeId`, `name`, `code`, `createTime`, `updateTime`, `createUserId`, `updateUserId`, `remark`) VALUES ('00000000000000000000000000000535', '00000000000000000000000000000001', '535', '535', '2018-01-01 09:00:00', '2018-01-01 09:00:00', '00000000000000000000000000000001', '00000000000000000000000000000001', null);
INSERT INTO `vhis_train` (`uuid`, `trainTypeId`, `name`, `code`, `createTime`, `updateTime`, `createUserId`, `updateUserId`, `remark`) VALUES ('00000000000000000000000000000536', '00000000000000000000000000000001', '536', '536', '2018-01-01 09:00:00', '2018-01-01 09:00:00', '00000000000000000000000000000001', '00000000000000000000000000000001', null);
INSERT INTO `vhis_train` (`uuid`, `trainTypeId`, `name`, `code`, `createTime`, `updateTime`, `createUserId`, `updateUserId`, `remark`) VALUES ('00000000000000000000000000000537', '00000000000000000000000000000001', '537', '537', '2018-01-01 09:00:00', '2018-01-01 09:00:00', '00000000000000000000000000000001', '00000000000000000000000000000001', null);
INSERT INTO `vhis_train` (`uuid`, `trainTypeId`, `name`, `code`, `createTime`, `updateTime`, `createUserId`, `updateUserId`, `remark`) VALUES ('00000000000000000000000000000538', '00000000000000000000000000000001', '538', '538', '2018-01-01 09:00:00', '2018-01-01 09:00:00', '00000000000000000000000000000001', '00000000000000000000000000000001', null);
INSERT INTO `vhis_train` (`uuid`, `trainTypeId`, `name`, `code`, `createTime`, `updateTime`, `createUserId`, `updateUserId`, `remark`) VALUES ('00000000000000000000000000000539', '00000000000000000000000000000001', '539', '539', '2018-01-01 09:00:00', '2018-01-01 09:00:00', '00000000000000000000000000000001', '00000000000000000000000000000001', null);
INSERT INTO `vhis_train` (`uuid`, `trainTypeId`, `name`, `code`, `createTime`, `updateTime`, `createUserId`, `updateUserId`, `remark`) VALUES ('00000000000000000000000000000540', '00000000000000000000000000000002', '540', '540', '2018-01-01 09:00:00', '2018-01-01 09:00:00', '00000000000000000000000000000001', '00000000000000000000000000000001', null);
INSERT INTO `vhis_train` (`uuid`, `trainTypeId`, `name`, `code`, `createTime`, `updateTime`, `createUserId`, `updateUserId`, `remark`) VALUES ('00000000000000000000000000000541', '00000000000000000000000000000002', '541', '541', '2018-01-01 09:00:00', '2018-01-01 09:00:00', '00000000000000000000000000000001', '00000000000000000000000000000001', null);
INSERT INTO `vhis_train` (`uuid`, `trainTypeId`, `name`, `code`, `createTime`, `updateTime`, `createUserId`, `updateUserId`, `remark`) VALUES ('00000000000000000000000000000542', '00000000000000000000000000000002', '542', '542', '2018-01-01 09:00:00', '2018-01-01 09:00:00', '00000000000000000000000000000001', '00000000000000000000000000000001', null);
INSERT INTO `vhis_train` (`uuid`, `trainTypeId`, `name`, `code`, `createTime`, `updateTime`, `createUserId`, `updateUserId`, `remark`) VALUES ('00000000000000000000000000000543', '00000000000000000000000000000002', '543', '543', '2018-01-01 09:00:00', '2018-01-01 09:00:00', '00000000000000000000000000000001', '00000000000000000000000000000001', null);
INSERT INTO `vhis_train` (`uuid`, `trainTypeId`, `name`, `code`, `createTime`, `updateTime`, `createUserId`, `updateUserId`, `remark`) VALUES ('00000000000000000000000000000544', '00000000000000000000000000000002', '544', '544', '2018-01-01 09:00:00', '2018-01-01 09:00:00', '00000000000000000000000000000001', '00000000000000000000000000000001', null);
INSERT INTO `vhis_train` (`uuid`, `trainTypeId`, `name`, `code`, `createTime`, `updateTime`, `createUserId`, `updateUserId`, `remark`) VALUES ('00000000000000000000000000000545', '00000000000000000000000000000002', '545', '545', '2018-01-01 09:00:00', '2018-01-01 09:00:00', '00000000000000000000000000000001', '00000000000000000000000000000001', null);
INSERT INTO `vhis_train` (`uuid`, `trainTypeId`, `name`, `code`, `createTime`, `updateTime`, `createUserId`, `updateUserId`, `remark`) VALUES ('00000000000000000000000000000546', '00000000000000000000000000000002', '546', '546', '2018-01-01 09:00:00', '2018-01-01 09:00:00', '00000000000000000000000000000001', '00000000000000000000000000000001', null);
INSERT INTO `vhis_train` (`uuid`, `trainTypeId`, `name`, `code`, `createTime`, `updateTime`, `createUserId`, `updateUserId`, `remark`) VALUES ('00000000000000000000000000000547', '00000000000000000000000000000002', '547', '547', '2018-01-01 09:00:00', '2018-01-01 09:00:00', '00000000000000000000000000000001', '00000000000000000000000000000001', null);
INSERT INTO `vhis_train` (`uuid`, `trainTypeId`, `name`, `code`, `createTime`, `updateTime`, `createUserId`, `updateUserId`, `remark`) VALUES ('00000000000000000000000000000548', '00000000000000000000000000000002', '548', '548', '2018-01-01 09:00:00', '2018-01-01 09:00:00', '00000000000000000000000000000001', '00000000000000000000000000000001', null);
INSERT INTO `vhis_train` (`uuid`, `trainTypeId`, `name`, `code`, `createTime`, `updateTime`, `createUserId`, `updateUserId`, `remark`) VALUES ('00000000000000000000000000000549', '00000000000000000000000000000002', '549', '549', '2018-01-01 09:00:00', '2018-01-01 09:00:00', '00000000000000000000000000000001', '00000000000000000000000000000001', null);
INSERT INTO `vhis_train` (`uuid`, `trainTypeId`, `name`, `code`, `createTime`, `updateTime`, `createUserId`, `updateUserId`, `remark`) VALUES ('00000000000000000000000000000550', '00000000000000000000000000000002', '550', '550', '2018-01-01 09:00:00', '2018-01-01 09:00:00', '00000000000000000000000000000001', '00000000000000000000000000000001', null);
INSERT INTO `vhis_train` (`uuid`, `trainTypeId`, `name`, `code`, `createTime`, `updateTime`, `createUserId`, `updateUserId`, `remark`) VALUES ('00000000000000000000000000000551', '00000000000000000000000000000002', '551', '551', '2018-01-01 09:00:00', '2018-01-01 09:00:00', '00000000000000000000000000000001', '00000000000000000000000000000001', null);
INSERT INTO `vhis_train` (`uuid`, `trainTypeId`, `name`, `code`, `createTime`, `updateTime`, `createUserId`, `updateUserId`, `remark`) VALUES ('00000000000000000000000000000552', '00000000000000000000000000000002', '552', '552', '2018-01-01 09:00:00', '2018-01-01 09:00:00', '00000000000000000000000000000001', '00000000000000000000000000000001', null);